AliExpess ID,AliExpess Link,Exist,URL,Name
,https://www.aliexpress.com/item/.html
33030740352,https://www.aliexpress.com/item/33030740352.html
1005003501820069,https://www.aliexpress.com/item/1005003501820069.html
1005005529822887,https://www.aliexpress.com/item/1005005529822887.html
1005005622531741,https://www.aliexpress.com/item/1005005622531741.html
506882,https://www.aliexpress.com/item/506882.html
1005004106812645,https://www.aliexpress.com/item/1005004106812645.html
1005005220518147,https://www.aliexpress.com/item/1005005220518147.html
1005005243924991,https://www.aliexpress.com/item/1005005243924991.html
1005001923320587,https://www.aliexpress.com/item/1005001923320587.html
1005005351175988,https://www.aliexpress.com/item/1005005351175988.html
1005004753689618,https://www.aliexpress.com/item/1005004753689618.html
497835,https://www.aliexpress.com/item/497835.html
32924095227,https://www.aliexpress.com/item/32924095227.html
1005005511205684,https://www.aliexpress.com/item/1005005511205684.html
1005005562393568,https://www.aliexpress.com/item/1005005562393568.html
1005004250663207,https://www.aliexpress.com/item/1005004250663207.html
1005005081387479,https://www.aliexpress.com/item/1005005081387479.html
1005005646055519,https://www.aliexpress.com/item/1005005646055519.html
1005005682583941,https://www.aliexpress.com/item/1005005682583941.html
422646,https://www.aliexpress.com/item/422646.html
1005002593012680,https://www.aliexpress.com/item/1005002593012680.html
1005004824809852,https://www.aliexpress.com/item/1005004824809852.html
1005005307125749,https://www.aliexpress.com/item/1005005307125749.html
1005004661988857,https://www.aliexpress.com/item/1005004661988857.html
1005004993175893,https://www.aliexpress.com/item/1005004993175893.html
1005004586005602,https://www.aliexpress.com/item/1005004586005602.html
,https://www.aliexpress.com/item/None.html
1005005264370697,https://www.aliexpress.com/item/1005005264370697.html
1005004118805907,https://www.aliexpress.com/item/1005004118805907.html
1005004908957110,https://www.aliexpress.com/item/1005004908957110.html
1005005993483304,https://www.aliexpress.com/item/1005005993483304.html
521465,https://www.aliexpress.com/item/521465.html
1005005204880592,https://www.aliexpress.com/item/1005005204880592.html
00000001,https://www.aliexpress.com/item/00000001.html
1005005450642143,https://www.aliexpress.com/item/1005005450642143.html
1005004267862325,https://www.aliexpress.com/item/1005004267862325.html
se2303106114158188,https://www.aliexpress.com/item/se2303106114158188.html
1005002529458406,https://www.aliexpress.com/item/1005002529458406.html
521117,https://www.aliexpress.com/item/521117.html
1005003374142965,https://www.aliexpress.com/item/1005003374142965.html
1005005633689295,https://www.aliexpress.com/item/1005005633689295.html
1005005737384097,https://www.aliexpress.com/item/1005005737384097.html
486481,https://www.aliexpress.com/item/486481.html
1005005142303576,https://www.aliexpress.com/item/1005005142303576.html
498352,https://www.aliexpress.com/item/498352.html
1005004251117727,https://www.aliexpress.com/item/1005004251117727.html
1005004813721113,https://www.aliexpress.com/item/1005004813721113.html
1005004882911530,https://www.aliexpress.com/item/1005004882911530.html
521740,https://www.aliexpress.com/item/521740.html
498353,https://www.aliexpress.com/item/498353.html
B071XW4C5Q,https://www.aliexpress.com/item/B071XW4C5Q.html
1005005940321735,https://www.aliexpress.com/item/1005005940321735.html
1005005613724685,https://www.aliexpress.com/item/1005005613724685.html
3256803555461027,https://www.aliexpress.com/item/3256803555461027.html
1005005132206854,https://www.aliexpress.com/item/1005005132206854.html
1005004460278004,https://www.aliexpress.com/item/1005004460278004.html
1005004408538493,https://www.aliexpress.com/item/1005004408538493.html
1005003171521168,https://www.aliexpress.com/item/1005003171521168.html
1005005790796286,https://www.aliexpress.com/item/1005005790796286.html
32955645477,https://www.aliexpress.com/item/32955645477.html
411584,https://www.aliexpress.com/item/411584.html
1005005209147564,https://www.aliexpress.com/item/1005005209147564.html
1005004325666365,https://www.aliexpress.com/item/1005004325666365.html
32401431234,https://www.aliexpress.com/item/32401431234.html
1005005390430247,https://www.aliexpress.com/item/1005005390430247.html
1005005572049074,https://www.aliexpress.com/item/1005005572049074.html
1005005586998405,https://www.aliexpress.com/item/1005005586998405.html
1005003016375106,https://www.aliexpress.com/item/1005003016375106.html
521551,https://www.aliexpress.com/item/521551.html
1005005607241838,https://www.aliexpress.com/item/1005005607241838.html
507111,https://www.aliexpress.com/item/507111.html
32961970270,https://www.aliexpress.com/item/32961970270.html
1005003416182958,https://www.aliexpress.com/item/1005003416182958.html
1005005743750075,https://www.aliexpress.com/item/1005005743750075.html
1005005362194985,https://www.aliexpress.com/item/1005005362194985.html
480332,https://www.aliexpress.com/item/480332.html
1005004085252642,https://www.aliexpress.com/item/1005004085252642.html
32811221525,https://www.aliexpress.com/item/32811221525.html
383466,https://www.aliexpress.com/item/383466.html
486479,https://www.aliexpress.com/item/486479.html
498296,https://www.aliexpress.com/item/498296.html
520854,https://www.aliexpress.com/item/520854.html
3256804224016264,https://www.aliexpress.com/item/3256804224016264.html
403048,https://www.aliexpress.com/item/403048.html
1005004489061887,https://www.aliexpress.com/item/1005004489061887.html
1005005918934792,https://www.aliexpress.com/item/1005005918934792.html
459704,https://www.aliexpress.com/item/459704.html
1005004277238247,https://www.aliexpress.com/item/1005004277238247.html
1005004598619225,https://www.aliexpress.com/item/1005004598619225.html
1005005518360592,https://www.aliexpress.com/item/1005005518360592.html
1005002858346492,https://www.aliexpress.com/item/1005002858346492.html
498019,https://www.aliexpress.com/item/498019.html
1005005630903713,https://www.aliexpress.com/item/1005005630903713.html
1005004090660224,https://www.aliexpress.com/item/1005004090660224.html
1005004223153538,https://www.aliexpress.com/item/1005004223153538.html
1005004268520421,https://www.aliexpress.com/item/1005004268520421.html
1005004530469845,https://www.aliexpress.com/item/1005004530469845.html
1005003401412170,https://www.aliexpress.com/item/1005003401412170.html
387609,https://www.aliexpress.com/item/387609.html
1005004495130097,https://www.aliexpress.com/item/1005004495130097.html
1005004451298679,https://www.aliexpress.com/item/1005004451298679.html
1005004251854560,https://www.aliexpress.com/item/1005004251854560.html
1005003670019033,https://www.aliexpress.com/item/1005003670019033.html
1005005044624752,https://www.aliexpress.com/item/1005005044624752.html
1005005626069214,https://www.aliexpress.com/item/1005005626069214.html
1005004272138072,https://www.aliexpress.com/item/1005004272138072.html
1005004695456546,https://www.aliexpress.com/item/1005004695456546.html
1005005804202640,https://www.aliexpress.com/item/1005005804202640.html
1005005807312348,https://www.aliexpress.com/item/1005005807312348.html
1005004559957111,https://www.aliexpress.com/item/1005004559957111.html
1005004531554230,https://www.aliexpress.com/item/1005004531554230.html
1005005917025886,https://www.aliexpress.com/item/1005005917025886.html
498354,https://www.aliexpress.com/item/498354.html
1005005682802607,https://www.aliexpress.com/item/1005005682802607.html
520817,https://www.aliexpress.com/item/520817.html
1005004296843367,https://www.aliexpress.com/item/1005004296843367.html
1005004624228384,https://www.aliexpress.com/item/1005004624228384.html
3256804427000408,https://www.aliexpress.com/item/3256804427000408.html
1005005871256525,https://www.aliexpress.com/item/1005005871256525.html
4001308374291,https://www.aliexpress.com/item/4001308374291.html
1005004072540148,https://www.aliexpress.com/item/1005004072540148.html
521556,https://www.aliexpress.com/item/521556.html
1005002641068230,https://www.aliexpress.com/item/1005002641068230.html
1005005589008990,https://www.aliexpress.com/item/1005005589008990.html
1005005473557315,https://www.aliexpress.com/item/1005005473557315.html
1005005528396011,https://www.aliexpress.com/item/1005005528396011.html
4000098979932,https://www.aliexpress.com/item/4000098979932.html
499760,https://www.aliexpress.com/item/499760.html
1005005398972998,https://www.aliexpress.com/item/1005005398972998.html
0000000000002,https://www.aliexpress.com/item/0000000000002.html
1005003580636058,https://www.aliexpress.com/item/1005003580636058.html
1005003510679015,https://www.aliexpress.com/item/1005003510679015.html
1005005250391999,https://www.aliexpress.com/item/1005005250391999.html
4001128742369,https://www.aliexpress.com/item/4001128742369.html
32584331831,https://www.aliexpress.com/item/32584331831.html
1005004150697182,https://www.aliexpress.com/item/1005004150697182.html
1005003663583323,https://www.aliexpress.com/item/1005003663583323.html
